Content ID,en,zh,fr,de,it,ko,pl,ru,es
'TRSO',,Otherknownoise,,,,,,,
'LNAM',English,中文,français,Deutsche,italiano,한국어,Polskie,русский,Español
'LTIT',Language,语言,Langue,Sprache,linguaggio,언어,Język,Язык,Idioma
'CAFK',AFK,AFK,AFK,AFK,AFK,AFK,AFK,АФК,AFK
'UONL',{0} has left the game!,{0}已经离开了游戏！,{0} a quitté le jeu!,{0} hat das Spiel verlassen!,{0} ha lasciato il gioco!,{0} 게임을 남겼습니다!,{0} opuścił grę!,{0} покинул игру!,{0} ha dejado el juego!
'UMPS',Player Stats,玩家状态,Statistiques du joueur,Spielerstatistik,Statistiche giocatore,플레이어 통계,Statystyki zawodnika,Статистика игрока,Estadísticas de los jugadores
'UMPN',Player Name,玩家名称,Nom de joueur,Spielername,Nome del giocatore,선수 이름,Nazwa gracza,Имя игрока,Nombre del jugador
'UMOL',On Level,在关卡,Loading...,Loading...,Loading...,Loading...,Loading...,Loading...,Loading...
'UMSC',Score,得分,But,Ergebnis,Punto,점수,Wynik,Счет,Puntaje
'UMCC',Continues,继续,Loading...,Loading...,Loading...,Loading...,Loading...,Loading...,Loading...
'UMDC',Deaths,死亡,Des morts,Todesfälle,Deceduti,사망자,Zgony,Летальные исходы,Fallecidos
'UMNP',Not Playing,未在游戏,Ne joue pas,Nicht spielen,non Giocare,재생되지 않음,Nie gra,Не играю,No jugar
'UMLG',Left the game,离开了游戏,A gauche le jeu,Das Spiel verlassen,Ha abbandonato la partita,게임을 왼쪽,Wyszedł z gry,Покинул игру,Ha dejado el juego
'UMGN',Gone,离开,Disparu,Weg,Andato,지나간,Odszedł,Ушел,Desaparecido
'UMNE',Negative,负,Loading...,Loading...,Loading...,Loading...,Loading...,Loading...,Loading...
'UMZE',Zilch,没有,Rien,Nichts,Niente,아무것도,Nic,Ничего,Nada
'UMTM',Too many,太多,Trop,Zu viele,Troppi,너무 많아,Za dużo,Очень много,Demasiados
'UCTR',Camera tracking: {0},镜头追踪：{0},suivi de la caméra: {0},Die Kameraführung: {0},La rilevazione della telecamera: {0},카메라 추적 : {0},śledzenia kamera: {0},камеры слежения: {0},seguimiento de la cámara: {0}
'UCTT',ON,开,sur,auf,su,의 위에,na,на,en
'UCTF',OFF,关,désactivé,aus,via,떨어져서,poza,выключенный,apagado
'USAF',(AFK),(AFK),(AFK),(AFK),(AFK),(AFK),(AFK),(АФК),(AFK)
'USLE',(Left),（剩余）,(Gauche),(Links),(Sinistra),(왼쪽),(Lewo),(Оставили),(Izquierda)
'UAUN',Unpausing,取消暂停,Loading...,Loading...,Loading...,Loading...,Loading...,Loading...,Loading...
'UAIN',{0} in ,{0}在,{0} dans,{0} in,{0} in,{0}에,{0} w,{0} в,{0} en
'UADE',Dead,死,Morte,tot,Morto,죽은,Nie żyje,мертв,Muerto
'UAAT',{0} is now AFK,{0}现在AFK,{0} est maintenant AFK,{0} ist jetzt AFK,{0} è ora AFK,{0} 지금 AFK,{0} jest AFK,{0} теперь АФК,{0} es ahora AFK
'UAAF',{0} is no longer AFK,{0}不再AFK,{0} est plus AFK,{0} ist nicht mehr AFK,{0} non è più AFK,{0} 더 이상 AFK는 없다,{0} nie AFK,{0} больше не является АФК,{0} ya no es AFK
'TGRE',Red,红色,rouge,rot,Rosso,빨간,Czerwony,красный,rojo
'TGBL',Blue,蓝色,Bleu,Blau,Blu,푸른,niebieski,Синий,Azul
'TGTE',Teal,青色,Sarcelle,Teal,Teal,물오리,Cyraneczka,чирок,Teal
'TGPU',Purple,紫色,Violet,Lila,Viola,보라색,Fioletowy,Фиолетовый,Púrpura
'TGYE',Yellow,黄色,Jaune,Gelb,Giallo,노랑,Żółty,Желтый,Amarillo
'TGOR',Orange,橙色,Orange,Orange,arancia,주황색,Pomarańczowy,апельсин,naranja
'TGGR',Green,绿色,Vert,Grün,verde,초록,Zielony,Зеленый,Verde
'TGPI',Pink,粉色,Rose,Rosa,Rosa,분홍,Różowy,Розовый,Rosa
'TGGG',Your team ran out of lives!,你的队伍用完了生命！,Votre équipe a manqué de vie!,Ihr Team lief aus Leben!,La tua squadra a corto di vita!,당신의 팀은 생활의 뛰쳐!,Twój zespół zabrakło życiu!,Ваша команда выбежала из жизни!,Su equipo se quedó sin vida!
'TCTE',Team {0} needs {1} more points to win,队伍{0}还需要{1}分来获胜,Équipe {0} {1} besoins plus de points pour gagner,Team {0} {1} Bedürfnisse mehr Punkte zu gewinnen,Team {0} {1} esigenze più punti per vincere,팀 {0} 필요 {1} 더 많은 포인트 승리,"Zespół {0} {1} potrzeby więcej punktów, aby wygrać","Команда {0} необходимо {1} больше очков, чтобы выиграть",Equipo {0} {1} necesidades más puntos para ganar
'TCNE',Team {0} only needs {1} more points to win!,队伍{0}只需要{1}分来获胜！,Équipe {0} n'a besoin que {1} plus de points à gagner!,Team {0} muss nur {1} mehr Punkte zu gewinnen!,Squadra {0} ha bisogno solo {1} più punti per vincere!,팀 {0} 만 승리 {1} 점을 더 필요 해요!,"Zespół potrzebuje {0} {1} tylko kilka punktów, aby wygrać!","Команда {0} требуется только {1} больше очков, чтобы выиграть!",Equipo {0} sólo necesita {1} más puntos para ganar!
'TCMR',{0} minutes remaining,剩余{0}分钟,{0} minutes restantes,{0} Minuten vor,{0} minuti rimanenti,나머지 {0} 분,{0} minut pozostałe,{0} минут до конца,{0} minutos restantes
'TCOR',Only {0} minutes remaining!,只剩余{0}分钟！,Seuls les {0} minutes restantes!,Nur {0} verbleibenden Minuten!,Solo {0} minuti dalla fine!,만 {0} 분 남아!,Tylko {0} minut przed końcem!,Только {0} минут осталось!,Sólo {0} minutos para el final!
'TCEG',Here to play. Forever stay.,来这里玩吧，永远留下来,Ici pour jouer. rester pour toujours.,Hier zu spielen. Für immer bleiben.,Qui per giocare. Per sempre rimanere.,재생하려면 여기. 영원히있어.,Tutaj do gry. Na zawsze pozostanie.,"Здесь, чтобы играть. Навсегда остаться.",Aquí para jugar. Siempre quedarse.
'LGI1',Black Ice,黑冰,Loading...,Loading...,Loading...,Loading...,Loading...,Loading...,Loading...
'LGI2',Icetown,冰天雪地,Icetown,Icetown,Icetown,Icetown,Icetown,Icetown,Icetown
'LGL1',Landlubber,旱鸭子,Terrien,Landratte,marinaio di acqua dolce,풋내기 선원,Szczur lądowy,сухопутная крыса,Marinero de agua dulce
'LGFS',Four Seasons,四季,Quatre saisons,Vier Jahreszeiten,Quattro stagioni,사계절,Cztery pory roku,Four Seasons,Cuatro estaciones
'LG25',2.5 Dimensions,2.5D,"2,5 Dimensions",2.5 Maße,2.5 Dimensioni,2.5 치수,"2,5 Wymiary",2.5 Размеры,2.5 Dimensiones
'ENTR',Entrance,入口,Loading...,Loading...,Loading...,Loading...,Loading...,Loading...,Loading...
'DOOR',Doors,门,Des portes,Türen,Porte,문,drzwi,двери,puertas
'LSCP',{0} has reached a checkpoint!,{0}已经达到了一个检查点！,{0} a atteint un point de contrôle!,{0} hat einen Kontrollpunkt erreicht!,{0} ha raggiunto un posto di blocco!,{0} 체크 포인트에 도달했습니다!,{0} osiągnął punkt kontrolny!,{0} достиг контрольной точки!,{0} ha llegado a un punto de control!
'LS3N',Now starting: {0},现在开始：{0},Maintenant à partir: {0},Jetzt beginnen: {0},Ora di partenza: {0},이제 시작 : {0},Zaczynając: {0},"Теперь, начиная: {0}","Ahora, empezando: {0}"
'LS2C',{0} continues remaining,剩余{0}次继续的机会,{0} continue restante,{0} weiterhin verbleibenden,{0} continua rimanenti,{0} 나머지 계속,{0} nadal pozostając,{0} продолжает оставаться,{0} sigue restante
'LS1A',You gained {0} points,你获得了{0}分,Vous avez acquis {0} points de,Sie gewann {0} Punkte,Avete guadagnato {0} punti,당신은 {0} 점을 얻은,Ci zdobyte punkty {0},Вы получили {0} точек,Que ganó {0} puntos
'LS1B',You gained {0} points ({1} total),你获得了{0}分（共{1}分）,Vous marqué des points {0} ({1} au total),Sie gewann {0} Punkte ({1} gesamt),Avete guadagnato {0} punti ({1} totale),당신이 얻은 {0} 점 ({1} 전체),Ci zdobyte punkty {0} ({1} ogółem),Вы получили {0} точек ({1} всего),Que ganó {0} puntos ({1} total)
'LSAH',{0} has cleared the level!,{0}过关了！,{0} a effacé le niveau!,{0} hat das Niveau gelöscht!,{0} ha eliminato il livello!,{0} 레벨을 클리어했다!,{0} wyczyszczone poziom!,{0} очистил уровень!,{0} ha despejado el nivel!
'LSAT',{0} team has just started: {1},队伍{0}刚刚开始了：{1},{0} équipe vient de commencer: {1},{0} Team hat gerade begonnen: {1},{0} squadra ha appena iniziato: {1},{0} 팀은 단지 시작했습니다 : {1},{0} zespół dopiero się zaczęła: {1},{0} команда только начала: {1},{0} equipo acaba de comenzar: {1}
'LSAE',Entering new world: {0},进入新的世界：{0},Saisie nouveau monde: {0},Aufbruch in neue Welt: {0},Entrare nuovo mondo: {0},입력 새로운 세계 : {0},Wprowadzanie nowego świata: {0},Ввод нового мира: {0},Entrando nuevo mundo: {0}
'LCGG',You've already beaten that world!,你已经完成了这个世界！,Vous avez déjà battu ce monde!,Sie haben bereits diese Welt geschlagen!,Hai già battuto quel mondo!,당신은 이미 세상을 구타했습니다!,Już pobity ten świat!,Вы уже избитый этот мир!,Que ya ha vencido a ese mundo!
'LNI1',Cruise Control,控制航线,Régulateur de vitesse,Tempomat,Regolazione automatica della velocità,크루즈 컨트롤,Tempomat,Круиз-контроль,Cruise control
'LNI2',Let Jesus Drive,灵车漂移,Laissez Jésus lecteur,Lassen Sie Jesus fahren,Let Jesus Unità,예수님 드라이브하자,Niech Jezus napędu,Пусть Иисус Диска,Dejar que Jesús Drive
'LNI3',Illidan Goes Skiing,恶魔猎手滑雪,Illidan Goes ski,Illidan geht Skifahren,Illidan Goes Sci,일리단은 스키 간다,Illidan jeździ na nartach,Иллидан идет на лыжах,Illidan va Esquí
'LNI4',Hard Angles,硬角,Angles durs,harte Angles,duri Angles,하드 각도,twarde Kąty,Жесткие Уголки,Los ángulos duros
'LNI5',Frosty,冷冰冰,Glacial,Eisig,Gelido,싸늘한,Mroźny,морозный,Escarchado
'LNE1',Training Wheels,辅助轮,Roues d'entrainement,Stützräder,rotelle di addestramento,교육 바퀴,Koła treningowe,Обучение Колеса,ruedas de entrenamiento
'LNL1',Need For Speed,极品飞车,Besoin de vitesse,Need For Speed,Need For Speed,속도를위한 필요,Potrzeba prędkości,Жажда Скорости,Necesidad de la velocidad
'LNL2',Monday Commute,上班高峰期,lundi Commute,Montag pendeln,lunedi Commute,월요일 통근,poniedziałek Commute,понедельник Commute,Lunes conmuta
'LNP1',Perspective,透视,Perspective,Perspektive,Prospettiva,원근법,Perspektywiczny,Перспектива,Perspectiva
'LNP2',Palindrome,回文,palindrome,Palindrom,Palindrome,회문,palindrom,Палиндром,Palíndromo
'LNP3',Playground,操场,Terrain de jeux,Spielplatz,Terreno di gioco,운동장,Plac zabaw,Детская площадка,Patio de recreo
'LNP4',Pluto,月球,Pluton,Pluto,Plutone,명왕성,Pluton,Плутон,Plutón
'LNF1',Spring,春天,Printemps,Frühling,Primavera,봄,Wiosna,Весна,Primavera
'LNM1',Brick Break,劈瓦,Brick Break,Ziegelstein brechen,Pausa Brick,벽돌 브레이크,Przerwa cegła,Кирпич Перерыв,Romper ladrillo
'ECGG',Your team has cleared the level!,你的队伍已经完成了关卡！,Votre équipe a autorisé le niveau!,Ihr Team hat das Niveau gelöscht!,La tua squadra ha eliminato il livello!,당신의 팀은 레벨을 클리어했다!,Twój zespół wyczyszczone poziom!,Ваша команда очистила уровень!,Su equipo ha despejado el nivel!
'VVDT',Difficulty,难度,Difficulté,Schwierigkeit,Difficoltà,어려움,Trudność,трудность,Dificultad
'VVDE',Vanilla,简单,Facile,Einfach,Facile,쉬운,Łatwo,Легко,Fácil
'VVDC',Chocolate,困难,Difficile,Hart,Difficile,단단한,Ciężko,Жесткий,Difícil
'VVD9',99 and None,99+,99 et Aucun,99 und None,99 e Nessuno,99 없음,99 i None,99 и не None,99 y Ninguno
'VVTT',Teams,结盟类型,alliés,Alliierte,alleati,연합군,Sojusznicy,союзники,aliados
'VVTS',Solo,单人,Solo,Solo,Assolo,독주,Solo,Соло,Solo
'VVTR',Teams - Random,团队 - 随机,Équipes - Aléatoire,Teams - Random,Squadre - Random,팀 - 랜덤,Zespoły - Random,Команды - Случайный,Equipos - Random
'VVTO',Team - One for All,团队 - 我为人人,Team - Un pour tous,Team - One for All,Squadra - Uno per tutti,팀 - 모두를위한 하나,Team - Jeden za wszystkich,Команда - один для всех,Equipo - uno para todos
'PUGC',{0} gained your team {1} continues,{0}为你的队伍获得{1}次继续机会,{0} a gagné votre équipe {1} continue,{0} gewann Ihr Team {1} weiter,{0} ha guadagnato la tua squadra {1} continua,{0} 팀 {1}이 계속되었습니다,{0} zyskał zespół kontynuuje {1},{0} получила ваша команда {1} продолжается,{0} ganó su equipo {1} continúa
'PUSC',{0} stole {1} continues from team {2}!,{0}从队伍{1}偷取了{2}次继续机会！,{0} {1} étole continue de l'équipe {2}!,{0} {1} stahl weiter vom Team {2}!,{0} {1} stole continua dalla squadra {2}!,{0} 훔친 {1} 팀 {2}에서 계속된다!,{0} {1} ukradł nadal z zespołem {2}!,{0} {1 украла} продолжается из команды {2}!,{0} {1} robó continúa del equipo {2}!
'PUsC',{0} stole {1} continues from your team!,{0}从你的队伍偷取了{1}次继续机会！,{0} {1} étole continue de votre équipe!,{0} {1} stahl weiterhin von Ihrem Team!,{0} {1} stole continua dalla tua squadra!,{0} 훔친 {1} 팀에서 계속된다!,{0} {1} ukradł trwa od swojego zespołu!,{0} {1 украла} продолжается от вашей команды!,{0} {1} robó continúa desde su equipo!
'PUGP',{0} gained your team {1} points,{0}为你的队伍获得{1}分,{0} a gagné votre équipe points {1},{0} gewann Ihr Team {1} Punkte,{0} guadagnato il tuo squadra {1} punti,{0} 팀 {1} 점을 얻은,{0} zyskał swój zespół {1} punkty,{0} получил вашей команды {1} очков,{0} ganó su equipo {1} puntos
'PUSP',{0} stole {1} points from team {2}!,{0}从队伍{2}偷取了{1}分！,{0} {1} étole des points de l'équipe {2}!,{0} {1} stahl Punkte von Team {2}!,{0} {1} stola punti dalla squadra {2}!,{0} 팀 {2}에서 {1} 점을 훔친!,{0} {1} ukradł punktów z zespołem {2}!,{0} украла {1} точек из команды {2}!,{0} {1} estola puntos del equipo {2}!
'PUsP',{0} stole {1} points from your team!,{0}从你的队伍偷取了{1}分！,{0} étole points {1} de votre équipe!,{0} {1} stahl Punkte von Ihrem Team!,{0} {1} stola punti dalla tua squadra!,{0} 팀에서 {1} 점을 훔친!,{0} {1} ukradł punktów od swojego zespołu!,{0} украла {1} очков из вашей команды!,{0} {1} estola puntos de su equipo!
'PUTI',{0} picked up a team invulnerability shield!,{0}获得了团队无敌护盾！,{0} a pris un bouclier invulnérabilité d'équipe!,{0} nahm ein Team Unverwundbarkeit Schild up!,{0} raccolto uno scudo squadra invulnerabilità!,{0} 팀 무적의 방패를 집어!,{0} podniósł tarczę zespół niewrażliwości!,{0} взял команда неуязвимость щит!,{0} recogió un escudo equipo de invulnerabilidad!
'PUSI',You found a single-use invulnerability shield!,你获得了一次性无敌护盾！,Vous avez trouvé un bouclier invulnérabilité à usage unique!,Sie fanden eine Einweg- Unverwundbarkeit Schild!,Hai trovato uno scudo invulnerabilità monouso!,당신은 단일 사용 무적의 방패를 발견!,Znalazłeś jednorazowego użytku tarczę nieśmiertelność!,Вы нашли одноразовую неуязвимость щит!,Encontraste un escudo invulnerabilidad de un solo uso!
'TISE',{0} Seconds,{0}秒,{0} secondes,{0} Sekunden,{0} secondi,{0} 초,{0} sekund,{0} секунд,{0} segundos
'TIMI',{0} Minutes,{0}分钟,{0} Minutes,{0} Minuten,{0} minuti,{0} 분,{0} minutach,{0} минут,{0} minutos
'TQ10',Tutorial - Obstacles,教程 - 障碍,Tutoriel - Obstacles,Tutorial - Hindernisse,Tutorial - Ostacoli,튜토리얼 - 장애물,Tutorial - Przeszkody,Учебник - Препятствия,Tutorial - Obstáculos
'TQ1A',"Avoid the darkness, nobody likes the emo kid, and treat anything that moves like its got a gun. Hell, even treat the things that don't move like they may have a gun (they might).",避开黑暗，正如没有人喜欢emo kid一样。要把任何会动的东西当做它有枪一样。见鬼，甚至也要把那些不动的东西当做有枪,"Évitez l'obscurité, personne n'aime l'enfant emo, et tout traitement qui se déplace comme son a une arme. Enfer, même traiter les choses qui ne bougent pas comme ils peuvent avoir une arme à feu (ils pourraient).","Vermeiden Sie die Dunkelheit, niemand mag die emo Kind und behandeln alles was sich bewegt wie seine Waffe bekam. Hölle, behandeln auch die Dinge, die sich nicht bewegen, als wären sie eine Waffe haben kann (sie könnten).","Evitare il buio, a nessuno piace il ragazzo emo, e trattare tutto ciò che si muove come la sua ha una pistola. Inferno, anche trattare le cose che non si muovono come essi possono avere una pistola (che potrebbe).","어둠을 피하고 아무도 이랑 아이, 그와 같은 움직임이 총을 가지고 있음을 치료 것을 좋아한다. 지옥, 심지어 (그들은 수도)가 총을 가질 수있다처럼 움직이지 않는 물건을 취급합니다.","Uniknąć ciemności, nikt nie lubi dziecko emo i traktować wszystko, co porusza się podobnie jak jego ma broń. Cholera, nawet traktować rzeczy, które nie poruszają się jak mogą one mieć broń (oni mogą).","Избегайте темноты, никто не любит эмо ребенка, и лечить все, что движется, как ее получили оружие. Черт, даже относиться к вещам, которые не двигаются, как они могут иметь пистолет (они могут).","Evitar la oscuridad, a nadie le gusta el chico emo, y cualquier tratamiento que se mueve como su conseguido un arma de fuego. Demonios, incluso tratar las cosas que no se mueven como que pueden tener un arma de fuego (que podría)."
'TQ20',Tutorial - Fire,教程 - 火,Tutorial - Incendie,Tutorial - Feuer,Tutorial - Fuoco,튜토리얼 - 화재,Tutorial - Fire,Учебник - Огонь,Tutorial - Fuego
'TQ2A',"In one of the most recent physics findings to date, fire is actually super racist. Only approach a fire if you look the same as that fire (and don't assume it'll always be red, that's racist), or else it may pull a knife on you.",在最近的一项物理学发现中，火实际上有严重的种族歧视。只有当你看起来和火一样的时候才能接近火（不要以为它永远是红色的，那是种族歧视），不然它可能会拿刀捅你,"Dans l'une des plus récentes découvertes de la physique à ce jour, le feu est en fait super raciste. Ne vous approchez d'un feu si vous regardez la même chose que le feu (et ne présumez pas que ça va toujours être rouge, le raciste qui), ou bien il peut tirer un couteau sur vous.","In einer der jüngsten Physik bisherigen Erkenntnisse, Feuer ist eigentlich Super rassistisch. Ansatz nur ein Feuer, wenn Sie das gleiche wie das Feuer schauen (und nicht davon ausgehen, es immer, rassistisch ist, die rot werde), sonst kann es ein Messer auf Sie ziehen.","In una delle scoperte di fisica più recenti fino ad oggi, il fuoco è in realtà super-razzista. avvicinarsi Solo un fuoco se si guarda lo stesso di quello del fuoco (e non date per scontato che sarà sempre essere rosso, di quel razzista), oppure si può tirare un coltello su di voi.","현재까지 가장 최근 물리학 연구 결과 중 하나에 불이 실제로 슈퍼 인종 차별이다. 오직 당신 만이 화재와 같은 모양 (그리고, 그것은 항상 빨간색있을거야의 인종 차별을 가정하지 않는) 경우 화재에 접근, 그렇지 않으면 당신에 칼을 당겨 수 있습니다.","W jednym z najnowszych odkryć fizyki do tej pory ogień jest rzeczywiście bardzo rasistowski. zbliżyć tylko ogień, jeśli wyglądają tak samo, jak ten ogień (i nie zakładaj, będzie ona zawsze być czerwony, który jest rasistą), albo może wyciągnąć nóż na ciebie.","В одном из самых последних данных по физике на сегодняшний день, огнь на самом деле супер расист. Только подходить к пожару, если вы смотрите так же, как этот огонь (и не думайте, что будет всегда красный, что расизм), или же он может вытащить нож на вас.","En uno de los hallazgos recientes de la física la mayoría hasta la fecha, el fuego es en realidad muy racistas. Sólo acercarse a un incendio si se mira el mismo que el fuego (y no asuma que siempre va a ser de color rojo, de ese racista), o de lo contrario puede tirar un cuchillo en usted."
'TQ2B',"Editor's note - This tutorial originally had a red fire icon, but, due to lawsuit filed by blue fire, we would like to summon our most sincere apology to all those excluded by the picture that our intern picked. We can assure you that he is no longer with the firm, though this is primarily due to his 6 month internship ending.",编者按 - 本教程最初有一个红色的火焰图标，但由于蓝火提起诉讼，我们想对所有被排除在外的图标表达我们最真诚的歉意，因为全部排除在照片都是我们的实习生所挑选的。我们可以向你保证他已经不在公司了，尽管这主要是因为他6个月的实习期结束了,"Note de l'éditeur - Ce tutoriel avait à l'origine une icône de feu rouge, mais, en raison de procès intenté par le feu bleu, nous voudrions appeler nos excuses les plus sincères à tous ceux qui sont exclus par l'image que notre stagiaire choisi. Nous pouvons vous assurer qu'il ne fait plus partie de l'entreprise, bien que ce soit principalement en raison de son stage de 6 mois se terminant.","Anmerkung der Redaktion - Dieses Tutorial hatte ursprünglich ein rotes Feuer-Symbol, aber wegen Klage durch blaues Feuer eingereicht, würden wir unsere aufrichtigste Entschuldigung gern an alle diejenigen, die durch das Bild, ausgeschlossen rufen, dass unsere intern gepflückt. Wir können Ihnen versichern, dass er nicht mehr mit der Firma, obwohl dies in erster Linie wegen seiner 6 Monaten ist Praktikum endet.","Ndr - Questo tutorial ha avuto origine l'icona di un rosso fuoco, ma, a causa della causa intentata da fuoco azzurro, vorremmo richiamare la nostra più sincere scuse a tutti coloro che sono esclusi dalla foto che il nostro stagista scelto. Possiamo assicurarvi che lui non è più con la società, anche se questo è dovuto principalmente alla sua 6 mesi di stage finale.","편집자 주 - 파란 불이 제기 소송에, 우리는 우리의 인턴 포착하는 사진에서 제외하는 모든 사람들에게 우리의 가장 진심으로 사과를 소환하고 싶은 인해이 튜토리얼은 원래 빨간색 화재 아이콘을했지만. 이 끝나는 인턴 그의 6개월에 주로 기인하지만 우리는 그가 회사와 더 이상 말씀 드릴 수 없습니다.","Od redakcji - Ten poradnik pierwotnie miał czerwoną ikonę pożaru, ale ze względu na pozew przez błękitnego ognia, chcielibyśmy przywołać nasze najszczersze przeprosiny dla wszystkich osób wykluczonych przez obraz, że nasz stażysta zrywane. Możemy zapewnić, że nie jest już w firmie, choć jest to głównie ze względu na jego 6 miesięcy staż kończy.","Примечание редактора - Этот учебник изначально был красный значок огонь, но из-за иска, поданного синего огня, мы хотели бы, чтобы вызвать самые искренние извинения всем тем, исключены картины, что наш стажер выбрал. Мы можем заверить вас, что он больше не с фирмой, хотя это в первую очередь из-за его 6 месяцев стажировки заканчивается.","Nota del editor - Este tutorial al principio tenía un icono de color rojo fuego, pero, debido a la demanda presentada por el fuego azul, nos gustaría llamar a nuestra más sinceras disculpas a todos los excluidos por la imagen que nuestro interno recogido. Podemos asegurar que ya no está con la firma, aunque esto se debe principalmente a su hija de 6 meses de prácticas que termina."
'TQ30',Tutorial - Ice Skating,教程 - 溜冰,Tutoriel - Patinage sur glace,Tutorial - Eislaufen,Tutorial - Pattinaggio su ghiaccio,튜토리얼 - 아이스 스케이팅,Tutorial - Łyżwiarstwo,Учебник - Катание на коньках,Tutorial - patinaje sobre hielo
'TQ3A',"Walk on any ice to start ice skating! While skating, you'll always move forward in the direction you're facing, but you can click to turn.",站立任何冰面上开始滑冰！滑冰时，你会朝着你你的前方前进，但你可以进行转向,"Marcher sur la glace pour commencer le patinage sur glace! Alors que le patinage, vous aurez toujours aller de l'avant dans la direction que vous faites face, mais vous pouvez cliquer pour tourner.","Gehen Sie auf jedem Eis Schlittschuhlaufen zu starten! Während Skaten, werden Sie immer nach vorne in Richtung bewegen Sie zugewandt sind, aber Sie können drehen klicken.","Camminare su qualsiasi ghiaccio per iniziare a pattinare sul ghiaccio! Mentre pattinaggio, sarai sempre sposta in avanti nella direzione che stai affrontando, ma è possibile fare clic per girare.","아이스 스케이팅을 시작하는 모든 얼음에 걸어! 스케이트 동안, 당신은 항상 당신이 향하고있는 방향으로 전진 하겠지만, 당신은 설정을 클릭 할 수 있습니다.","Chodzić na jakiekolwiek lodzie zacząć łyżwach! Podczas jazdy na łyżwach, zawsze iść do przodu w kierunku patrzysz, ale można kliknąć, aby włączyć.","Прогулка на любом льду, чтобы начать кататься на коньках! В то время как катание на коньках, вы всегда будете двигаться вперед в направлении вы столкнулись, но вы можете нажать, чтобы включить.","Caminar sobre el hielo para empezar a patinar sobre hielo! Mientras que el patinaje, siempre se moverá hacia adelante en la dirección que estamos enfrentando, pero puede hacer clic para girar."
'TQ3B',Press the 'escape' key to toggle camera tracking however you find most helpful.,不过你会觉得最有用的是按ESC键来切换镜头追踪,Loading...,Loading...,Loading...,Loading...,Loading...,Loading...,Loading...
'TQ3C',"Snow is similar to ice, where you gradually gain (and lose) speed depending on your current speed and the direction you're facing.",雪类似于冰，在雪地上你会根据当前的滑行速度和面对的方向逐渐获得（或失去）速度,"La neige est semblable à la glace, où vous progressivement la vitesse de gain (et perdre) en fonction de votre vitesse et la direction actuelle, vous êtes confronté.","Schnee ist ähnlich wie Eis, wo man nach und nach Verstärkung (und verlieren) Geschwindigkeit abhängig von der aktuellen Geschwindigkeit und die Richtung der Sie zugewandt.","La neve è simile al ghiaccio, la velocità in cui è gradualmente guadagno (e perdere) a seconda della velocità corrente e la direzione che stai affrontando.","눈이 얼음, 현재 속도와 당신이 향하고있는 방향에 따라 점차적으로 증가 (그리고 잃게) 속도와 유사하다.","Śnieg jest podobny do lodu, gdzie stopniowo zysk (i stracić) prędkości w zależności od aktualnej prędkości i kierunku, w którym patrzysz.","Снег похож на лед, где вы постепенно усиление (и потерять) скорость в зависимости от текущей скорости и направления вы столкнулись.","La nieve es similar al hielo, la velocidad en la que poco a poco la ganancia (y perder) en función de la velocidad actual y la dirección en que está enfrentando."
'TQ3D',"Rocky snow is the same deal as regular snow, except you can't change your direction once you start sliding!",岩石雪和普通雪是一样的，只是一旦你开始滑行就不能改变方向！,"neige Rocky est la même affaire que la neige régulière, sauf que vous ne pouvez pas changer de direction une fois que vous commencez à glisser!","Rocky Schnee ist die gleiche Sache, wie regelmäßige Schnee, außer dass Sie nicht Ihre Richtung ändern können, wenn Sie Schiebe beginnen!","neve Rocky è l'accordo stesso come la neve normale, tranne che non si può cambiare la vostra direzione, una volta che si avvia annoiarvi!","록키 눈은 슬라이딩 시작하면 당신이 당신의 방향을 변경할 수 없습니다 제외하고, 정기적으로 눈과 같은 거래이다!","Rocky śnieg jest taki sam interes jak regularne śniegu, z wyjątkiem nie można zmienić kierunek po uruchomieniu przesuwne!","Rocky снег такой же сделки как обычный снег, за исключением того, вы не можете изменить свое направление, как только вы начинаете скольжение!","nieve Rocky es el mismo acuerdo que la nieve regular, excepto que no se puede cambiar de dirección una vez que comience a resbalar!"
'TQ40',Tutorial - 2D,教程 - 2D,Tutorial - 2D,Tutorial - 2D,Tutorial - 2D,튜토리얼 - 2D,Tutorial - 2D,Учебник - 2D,Tutorial - 2D
'TQ4A',"You'll switch between existing in three dimensions and two dimensions just by touching the mossy brick tile (like how it usually works). Expect everything to be similar to regular ol' 3D mode, but different! Confusing!",你可以站在小石砖地上来切换3D和2D模式（就像平常玩的逃脱大师那样）。希望一切都和普通的3D模式一样，但这个却不同！真令人头大！！,"Vous basculer entre existant en trois dimensions et deux dimensions en touchant la tuile de brique moussue (comme la façon dont cela fonctionne habituellement). Attendez-vous que tout soit similaire au mode 3D « ol régulier, mais différent! Déroutant!","Sie werden Umschalten zwischen nur in drei Dimensionen und zwei Dimensionen bestehenden durch die bemoosten Ziegelplatte berühren (wie, wie es funktioniert in der Regel). Erwarten Sie alles zu 3D-Modus ‚regelmäßige ol ähnlich, aber anders! Verwirrend!","Potrai passare esistente in tre dimensioni e due dimensioni semplicemente toccando la piastrella di muschio mattone (come come di solito funziona). Aspettatevi di tutto per essere simile alla modalità 3D normale ol', ma diverso! Confondere!",당신은 (그것은 일반적으로 어떻게 작동하는지 등) 이끼 벽돌 타일을 터치하여 세 가지 차원과 두 차원에서 기존의 사이를 전환 할 수 있습니다. 모든 일반 팔자 '3D 모드와 유사하지만 서로 다른 것으로 기대! 혼동!,"będziesz przełączać pomiędzy istniejącego w trzech rozmiarach i dwóch wymiarach tylko poprzez dotknięcie płytki cegła omszony (jak zwykle, jak to działa). Oczekiwać, że wszystko będzie podobny do trybu 3D regularne ol”, ale inaczej! Mylące!","Вы переключаться между существующим в трех измерениях и два измерений просто прикасаясь к мшистым кирпичной плитке (например, как это обычно работает). Ожидать, чтобы все было похоже на 3D-режиме регулярных Ol», но по-другому! Заблуждение!","Podrás cambiar entre existiendo en tres dimensiones y dos dimensiones con sólo tocar la baldosa de ladrillo cubierta de musgo (como la forma en que funciona normalmente). Esperar que todo sea similar al modo 3D ol regular', pero diferente! ¡Confuso!"
'TQ4B',"While in the 2D mode, you won't use your mouse at all! Instead use your left and right arrow keys to move, and the up arrow key to jump.",在2D模式下，你完全用不上鼠标！而是使用左右方向键移动、上方向键跳跃,"En mode 2D, vous ne pourrez pas utiliser votre souris tout! Au lieu d'utiliser les touches fléchées gauche et droite pour vous déplacer, et la touche flèche pour sauter.","Während im 2D-Modus, werden Sie nicht verwenden Ihre Maus! Statt der linken und rechten Pfeiltasten zu bewegen und die Pfeiltaste nach oben zu springen.","In modalità 2D, non utilizzerà il mouse a tutti! Invece usare le frecce a destra e sinistra per muoversi, e il tasto freccia su per saltare.","2 차원 모드에있는 동안, 당신은 전혀 마우스를 사용하지 않습니다! 대신 이동 왼쪽 및 오른쪽 화살표 키를 사용하여 위쪽 화살표 키를 이동합니다.","Natomiast w trybie 2D, nie będzie używać myszki w ogóle! Zamiast używać klawiszy strzałek w lewo i prawo, aby przenieść, i klawisz strzałki w górę do skoku.","В то время как в 2D-режиме, вы не будете использовать мышь на всех! Вместо того, чтобы использовать клавиши влево и вправо со стрелками для перемещения и клавишу со стрелкой вверх, чтобы прыгать.","Mientras que en el modo 2D, no tendrá que utilizar el ratón en absoluto! En lugar de utilizar las teclas de flecha izquierda y derecha para mover, y la tecla de flecha hacia arriba para saltar."
'TQ4C',"There are 1 or 2 more differences, but the only important one for now is that touching Lava means sudden/painful death in this mode, and the darkness is now open real-estate for your circular self.",这里有一两个或以上的不同点，但是现在唯一重要的是，这个模式下踩上熔岩等于突然/痛苦的死亡，然而现在你可以在黑暗中乱逛了,"Il y a 1 ou 2 autres différences, mais la seule importante pour est maintenant de toucher des moyens de lave soudaine / mort douloureuse dans ce mode, et l'obscurité est maintenant immobilier ouvert pour votre auto circulaire.","Es gibt 1 oder 2 weitere Unterschiede, aber die einzigen wichtig für ist nun, dass rührend Lava Mittel plötzliche / schmerzhafter Tod in diesem Modus, und die Finsternis für Ihren Kreis selbst jetzt offen real-estate ist.","Ci sono 1 o 2 più le differenze, ma quello è solo importante per ora è che toccare mezzi Lava improvvisa / morte dolorosa in questa modalità, e l'oscurità è ora aperto immobiliare per la vostra auto circolare.","이 1 개 또는 2 이상 차이가 있지만, 지금은 유일하게 중요한 것은 감동 용암 수단 갑자기 / 고통이 모드에서 죽음과 어둠이 당신의 원형 자체 오픈 부동산 지금이다.","Są to 1 lub 2 więcej różnic, ale tylko ważne jest to, że na razie dotykania środki Lava nagły / bolesna śmierć w tym trybie, a ciemność jest teraz otwarty od nieruchomości dla okrągłej siebie.","Есть 1 или 2 больше различий, но важно лишь один сейчас является то, что прикосновение Лавы означает внезапное / мучительная смерть в этом режиме, и темнота теперь открыта по недвижимости для круговых себя.","Hay 1 o 2 más diferencias, pero el que sólo es importante por ahora es que los medios de lava tocar repentino / muerte dolorosa en este modo, y la oscuridad ya está abierto de bienes raíces para su auto circular."
'TQ50',Tutorial - Commands,教程 - 命令,Tutoriel - Commandes,Tutorial - Befehle,Tutorial - Comandi,튜토리얼 - 명령,Tutorial - Polecenia,Учебник - Команды,Tutorial - Comandos
'TQ5A',"Enter any command by typing ""-"" and then the command in game chat! All commands can be entered in any language.",在游戏中的聊天，然后命令 - 通过打字输入任何命令“”！所有命令都可以用任何语言输入。,Saisissez une commande en tapant « - » puis la commande dans le jeu de chat! Toutes les commandes peuvent être saisies dans toutes les langues.,Geben Sie einen beliebigen Befehl durch Eingabe von „-“ und dann den Befehl in Game-Chat! Alle Befehle können in jeder Sprache eingegeben werden.,"Inserire un comando digitando ""-"" e poi il comando nella chat di gioco! Tutti i comandi possono essere inseriti in qualsiasi lingua.","게임 채팅에서 다음 명령을하고 ""-""입력하여 명령을 입력! 모든 명령은 어떤 언어로 입력 할 수 있습니다.","Wpisz dowolne polecenie wpisując „-”, a następnie polecenie w grze czacie! Wszystkie komendy mogą być wprowadzane w dowolnym języku.","Введите любую команду, набрав «-», а затем команду в игровом чате! Все команды можно вводить на любом языке.","Escribe cualquiera de comandos escribiendo ""-"" y luego el comando en el chat del juego! Todos los comandos se pueden introducir en cualquier idioma."
'TQ5B',Immediately set your status to AFK. Setting your status this way has no long-term penalty.,马上设置状态AFK。设置您的状态这种方式有没有长期的处罚。,Loading...,Loading...,Loading...,Loading...,Loading...,Loading...,Loading...
'TQ5C',"Switch your language to any other language already supported by EDW. For example, type -English or -Français.",切换语言由EDW已经支持的任何其他语言。例如，键入语 - 或-Français。,"Mettez votre langue à une autre langue déjà pris en charge par EDW. Par exemple, tapez -Anglais ou -Français.",Schalten Sie Ihre Sprache in jede andere Sprache bereits unterstützt von EDW. Geben Sie beispielsweise -Deutsch oder -Français.,"Passare la lingua a qualunque altra lingua già supportata da EDW. Ad esempio, digitare -English o -Français.","이미 EDW가 지원하는 다른 언어로 언어를 전환합니다. 예를 들어, - 영어 또는 -Français를 입력합니다.",Przełączyć swój język do każdego innego języka już obsługiwanych przez EDW. Na przykład wpisz -Angielski lub -Français.,"Переключение языка на любой другой язык уже поддерживается EDW. Так, например, тип -Английского или -Français.","Cambiar el idioma a cualquier otro idioma ya con el apoyo de EDW. Por ejemplo, escriba -Inglés o -Français."
'TQ5D',"You can also enable / disable ""Camera Tracking"" by pressing the escape key! This mode is useful if you have a hard time with ice in general.",您也可以按ESC键开启/关闭“相机跟踪”！如果你有一个很难与一般冰这种模式是非常有用的。,Vous pouvez également activer / désactiver « suivi caméra » en appuyant sur la touche d'échappement! Ce mode est utile si vous avez du mal avec de la glace en général.,"Sie können auch / deaktivieren „Camera Tracking“ aktivieren, indem Sie die Escape-Taste drücken! Dieser Modus ist nützlich, wenn Sie eine harte Zeit mit Eis im Allgemeinen.","È inoltre possibile attivare / disattivare la ""rilevazione telecamera"" premendo il tasto Esc! Questa modalità è utile se si ha un momento difficile con il ghiaccio in generale.","또한 Esc 키를 눌러 / 비활성화 ""카메라 추적""을 활성화 할 수 있습니다! 당신은 일반적으로 얼음 어려움이있는 경우이 모드는 유용합니다.","Można również włączyć / wyłączyć „Camera Tracking”, naciskając klawisz Escape! Tryb ten jest przydatny, jeśli masz trudności z lodem w ogóle.","Вы можете также включить / выключить «Camera Tracking», нажав клавишу выхода! Этот режим полезен, если у вас есть трудное время со льдом в целом.","También puede activar el ""seguimiento de la cámara"" / desactivar pulsando la tecla de escape! Este modo es útil si tiene un tiempo duro con hielo en general."
'CiTS',Solo mode - There can only be one,单人模式 - 只能有一个人,Le mode Solo - Il ne peut être un,Solo-Modus - Es kann nur einen geben,modalità Solo - Non ci può essere un solo,솔로 모드 - 하나있을 수 있습니다,Tryb Solo - Nie może być tylko jeden,Режим Solo - Там может быть только один,el modo Solo - Sólo puede haber una
'CiTs',There can only be one,只能有一个人,Il ne peut y avoir un,Da kann nur einer sein,Ce ne può essere solo uno,하나있을 수 있습니다,Może być tylko jeden,Может быть только один,Solo puede haber uno
'CiTR',Random teams - Check the scoreboard for specifics,随机队伍 - 查看计分板了解详情,équipes au hasard - Vérifiez le tableau de bord pour plus de détails,Zufällige Teams - Überprüfen Sie die Anzeigetafel für Spezifika,squadre casuali - Controllare il tabellone per le specifiche,랜덤 팀 - 세부 사항에 대한 점수 판을 확인,Losowo wybrane zespoły - Sprawdź wynik dla specyfiki,Случайные команды - Проверьте табло для специфических особенностей,equipos al azar - Compruebe el marcador para obtener información específica
'CiTr',Check out the scoreboard for specifics,查看记分牌了解详情,Consultez le tableau de bord pour plus de détails,Überprüfen Sie die Anzeigetafel aus für Einzelheiten,Controlla il tabellone per le specifiche,세부 사항에 대한 점수 판을 확인,Sprawdź wynik dla specyfiki,Проверьте табло для специфических особенностей,Echa un vistazo al marcador para obtener información específica
'CiTO',One team - Get Cozy,一支队伍 - 安逸躺赢,Une équipe - Get Cozy,Ein Team - Get Cosy,Una squadra - Get Cosy,한 팀 - 코지 받기,Jeden zespół - Get Cozy,Одна команда - Get Cozy,Uno de los equipos - Ponte cómodo
'CiTo',Get cozy,安逸躺赢,Mettez-vous à l'aise,Holen Sie sich gemütlich,ottenere accogliente,아늑한 받기,Uzyskaj przytulny,Получить уютный,Ponte cómodo
'CiDE',Easy mode - Have to start somewhere,简单模式 - 总得从哪开始,mode facile - commencer quelque part,Easy-Modus - haben zu Beginn irgendwo,Modalità Easy - devono cominciare da qualche parte,쉬운 모드 - 되세요 어딘가에 시작,Tryb Easy - trzeba zacząć gdzieś,Простой режим - то начать,Modo Fácil - algo hay que empezar
'CiDe',Have to start somewhere,总得从哪开始,Commencer quelque part,Haben Sie irgendwo anfangen,Devono iniziare da qualche parte,어딘가를 시작해야,Trzeba od czegoś zacząć,То начать,Algo hay que empezar
'CiDH',Hard mode - Yikes,困难模式 - 卧槽,Mode Difficile - Aïe,Hard-Modus - Huch,modalità Hard - Yikes,하드 모드 - 이궁,Hard Mode - To jest to,Жесткий режим - Хлоп,el modo difícil - Huy
'CiDh',Yikes,卧槽,beurk,Huch,yikes,이궁,Jezu,Хлоп,uff
'CiDC',"99 and None - Easy Mode, but with 100% more cheats!",99+ - 简单模式，跟开了挂一样！,"99 et None - Mode facile, mais avec 100% de tricheurs!","99 und keine - Easy-Modus, aber mit 100% mehr betrügt!","99 e Nessuno - Easy Mode, ma con il 100% in più di trucchi!","99 없음 - 간편한 모드,하지만 100 % 더 사기꾼에!","99 i None - Easy Mode, ale z 100% więcej oszustów!","не 99 и None - Easy Mode, но с 100% больше читов!","99 y Ninguno - Modo fácil, pero con un 100% más tramposos!"
'CiDc',"Easy Mode, but with 100% more cheats!",简易模式下，但100％以上会开挂！,"Mode facile, mais avec 100% de tricheurs!","Easy-Modus, aber mit 100% mehr betrügt!","Easy Mode, ma con il 100% in più di trucchi!","쉬운 모드,하지만 100 % 더 사기꾼!","Tryb łatwego, ale z 100% więcej oszustów!","Easy Mode, но с 100% больше, читы!","Modo fácil, pero con un 100% más tramposos!"
'CiW1',Welcome,欢迎,Bienvenue,Herzlich willkommen,benvenuto,어서 오십시오,Witamy,Добро пожаловать,Bienvenida
'CiW2',To,来到,À,Zu,Per,에,Do,К,A
'CiW3',Dream World,梦境世界,Monde imaginaire,Traumwelt,dream World,꿈의 세계,Świat marzeń,Мир грез,Mundo de sueños
'CiTA',A new tutorial has been added to your quest log!,一个新的教程已经被添加到你的任务栏里！,Un nouveau tutoriel a été ajouté à votre journal de quête!,Ein neues Tutorial wurde Ihren Questlog hinzugefügt!,Un nuovo tutorial è stato aggiunto alla tua quest log!,새로운 튜토리얼 퀘스트 로그에 추가되었습니다!,Nowy poradnik został dodany do dzienniku questów!,Новый учебник был добавлен в ваш журнал квестов!,Un nuevo tutorial ha sido añadido a su registro de misiones!
'CiO1',"Oh man, I think I mighta had one too many last night",哦天啊，我想我昨晚可能喝多了,"Oh mec, je pense que je pourrais avoir eu un de trop hier soir","Oh Mann, ich glaube, ich könnte eine zu viel gestern Abend gehabt haben","Oh uomo, penso che avrei potuto avere una di troppo ieri sera","사람 아, 나는 너무 많은 지난 밤에 한 것 같아","O człowieku, myślę, że miałem jeden zbyt wiele ostatniej nocy","О людях, я думаю, я мог бы слишком много прошлой ночью","Oh hombre, yo creo que podría haber tenido una copa de más anoche"
'CiO2',Wait...,等等...,Attendre...,Warten...,Aspettare...,기다림...,Czekać...,Ждать...,Esperar...
'CiO3',I'm remembering something...,我想起来了...,Je me souviens de quelque chose ...,Ich erinnere mich an etwas ...,Mi ricordo qualcosa ...,내가 뭔가를 기억 해요 ...,Mam coś pamiętać ...,Я помню что-то ...,Estoy recordando algo ...
'CiO4',"Yeah, okay. You probably shouldn't get near those colorful dragons",啊，对了。你也许不应该离那些五颜六色的龙太近,Ouais ok. Vous ne devriez probablement pas approcher ces dragons colorés,Ja ok. Sie sollten wahrscheinlich nicht in der Nähe dieser bunten Drachen bekommen,"Sì, ok. Probabilmente non dovrebbe ottenere nei pressi di quei draghi colorati","그래, 그래. 당신은 아마 그 화려한 용 가까이하지합니다",Tak ok. Prawdopodobnie nie powinien zbliżyć tych kolorowych smoków,"Да, все в порядке. Вы, вероятно, не должны получить вблизи этих красочных драконов","Si, vale. Es probable que no debe acercarse a esos dragones de colores"
'CiF1',Whoa!,哇！,Whoa!,Whoa!,Whoa!,우와!,Whoa!,Вау!,Whoa!
'CiF2',Better stay clear of that fire,最好离火远点,Mieux vaut rester à l'écart de ce feu,Besser Finger weg von diesem Feuer,Meglio stare chiaro di quel fuoco,화재의 명확한 더 나은 숙박,Lepiej pobyt z dala od tego ognia,Лучше держаться подальше от этого огня,estancia mejor clara de que el fuego
'CiF3',I don't think it likes how you look,我觉得它不喜欢你的长相,Je ne pense pas qu'il aime la façon dont vous regardez,"Ich glaube nicht, es mag, wie Sie aussehen",Non credo che gli piace come si guarda,나는 당신이 어떻게 보면 좋아 생각하지 않는다,"Nie sądzę, że lubi, jak wyglądasz","Я не думаю, что ему нравится, как вы смотрите",Creo que no le gusta cómo se mire
'Cif1',Nice!,太好了！,Joli!,Nett!,Bello!,좋은!,Miły!,Отлично!,¡Lindo!
'Cif2',Your skin's glowing red!,你的皮肤红彤彤的！,Votre peau est rouge éclatante!,Ihre Haut glüht rot!,La pelle è rosso incandescente!,당신의 피부가 빨간색으로 빛나는입니다!,Twoja skóra jest świecące czerwone!,Ваша кожа это светящаяся красная!,Su piel es de color rojo brillante!
'Cif3',I bet you could go through that fire now,我敢赌你现在可以穿过火焰了。,Je parie que vous pourriez passer par le feu maintenant,"Ich wette, Sie durch das Feuer gehen könnte jetzt",Scommetto che si potrebbe passare attraverso quel fuoco ora,난 당신이 지금 불을 통해 갈 수 내기,"Założę się, można przejść przez ten ogień teraz","Я уверен, вы могли бы пройти через этот огонь прямо сейчас",Apuesto a que podría pasar por el fuego que ahora
'Cif4',Everyone knows that the best color is the same color!,大家都知道最好的颜色就是变成一个颜色！,Tout le monde sait que la meilleure couleur est la même couleur!,"Jeder weiß, dass die beste Farbe ist die gleiche Farbe!",Tutti sanno che il colore migliore è dello stesso colore!,모두가 최상의 색상과 동일한 색상인지 알고있다!,"Każdy wie, że najlepiej kolor jest tego samego koloru!","Всем известно, что лучший цвет тот же цвет!",Todo el mundo sabe que el mejor color es el mismo color!
'CiRd',"Hah, classic Red",哈哈，祖国的颜色,"Hah, rouge classique","Hah, klassisches Rot","Hah, classico rosso","하 석, 고전 레드","Hah, klasyczny Czerwony","Хах, классический красный","Hah, clásica roja"
'Ciw1',Wow...,哇...,Wow...,Beeindruckend...,Wow...,와...,Łał...,Вау...,Guau...
'Ciw2',It's like a Special Ed class took a field trip to a Catholic Church,你的速度慢得别人随时都能强上你,Il est comme une classe spéciale Ed a fait un voyage sur le terrain à une Eglise catholique,Es ist wie ein Special Ed Klasse eine Exkursion in eine katholische Kirche nahm,E 'come una classe speciale Ed ha preso una gita a una chiesa cattolica,특별 에드 클래스는 가톨릭 교회에 필드 여행을했다 같아,To jak klasa Special Ed wziął wycieczkę do Kościoła Katolickiego,Это как класс Special Ed съездили поля к католической церкви,Es como una clase de Educación Especial tomó una excursión a una iglesia católica
'CiS1',"I see that you, too, hold a secret passion for the elegant art of figure skating",我同样能看出你对花样滑冰的高雅艺术怀有一种神秘的热情,"Je vois que vous aussi, tenez une passion secrète pour l'art élégant de patinage artistique","Ich sehe, dass Sie auch eine geheime Leidenschaft für die elegante Kunst der Eiskunstlauf halten","Vedo che anche voi, tenete una segreta passione per l'elegante arte del pattinaggio di figura","나는 당신이, 너무, 피겨 스케이팅의 우아한 예술에 대한 비밀 열정을 잡아 볼","Widzę, że ty także posiadać tajne pasję do eleganckiej sztuki łyżwiarstwie figurowym","Я вижу, что ты тоже провести тайную страсть к элегантному искусству фигурного катания","Veo que usted, también, mantiene una pasión secreta por el elegante arte de patinaje artístico"
'CiS2',"Remember to hold your head high, and always face towards your future",记得高昂起头，面对你的未来,"Rappelez-vous de tenir votre tête haute, et toujours faire face à votre avenir","Denken Sie daran, den Kopf hoch zu halten und immer Gesicht in Richtung Ihrer Zukunft","Ricordatevi di tenere la testa alta, e sempre rivolta verso il vostro futuro","머리의 높이를 유지하고, 항상 당신의 미래를 향해 얼굴을 기억","Pamiętaj, aby trzymać głowę wysoko i zawsze zwrócona ku przyszłości","Не забывайте держать свой высокий напор, и всегда обращены к вашему будущему","Recuerde que debe mantener su cabeza en alto, y siempre mirar hacia su futuro"
'CiS3',"There's no stopping, just relentless progress towards that future",这里只能朝着未来不断前进，永不停歇,"Il n'y a pas d'arrêt, tout progrès vers cet avenir sans relâche","Es gibt kein Halten mehr, nur unerbittlich Fortschritte in Richtung dieser Zukunft","Non c'è nessun arresto, proprio inarrestabile progresso verso quel futuro","더 중지, 미래를 향한 단지 끊임없는 발전은 없다","Nie ma zatrzymanie, tylko bezwzględny postęp w kierunku tej przyszłości","Там нет остановки, только неумолимый прогресса на пути к этому будущему","No hay parada, justo marcha forzada que en el futuro"
'CiS4',"Keep track of yourself using the arrow keys or mouse, or press the 'escape' key",记得用方向键或鼠标追踪自己的角色，或按ESC键,"Gardez une trace de vous-même à l'aide des touches fléchées ou la souris, ou appuyez sur la touche « escape »","Behalten Sie sich mit den Pfeiltasten oder der Maus, oder drücken Sie die ‚Escape‘ -Taste","Tenere traccia di se stessi utilizzando i tasti freccia o il mouse, o premere il tasto 'fuga'","화살표 키 또는 마우스, 또는를 눌러 '탈출'키를 사용하여 자신을 계속 추적",Śledzić siebie za pomocą klawiszy strzałek lub myszy lub nacisnąć klawisz „escape”,"Следите за себя с помощью клавиш со стрелками или мышь, или нажмите клавишу «побег»","No perder de vista a sí mismo usando las teclas de flecha o el ratón, o pulsar la tecla 'escapar'"
'CiC1',Another one of these shimmering portals...,又是一个发光的传送门...,Un autre de ces portails chatoyantes ...,Ein anderer dieser schimmernden Portale ...,Un altro uno di questi portali luccicanti ...,이 반짝이는 포털의 또 다른 하나 ...,Jeszcze jeden z tych portali połyskujące ...,Еще один из этих мерцающих порталов ...,Otro de estos portales brillantes ...
'CiC2',"Stepping over them seems to give you a checkpoint, and brings your friends back to life",站上那里似乎会给你一个检查点，并让你的朋友们复活,"Enjambant leur semble vous donner un point de contrôle, et apporte vos amis à la vie","Stepping über ihnen scheint, dass Sie einen Kontrollpunkt zu geben, und bringt Ihre Freunde zum Leben zurück","Facendo un passo su di loro sembra dare un posto di blocco, e porta i tuoi amici Back to Life","그들을 스테핑 당신에게 체크 포인트를주는 것, 그리고 친구들이 생활에 백업 제공",Depcząc po nich wydaje się daje punkt kontrolny i przynosi znajomych z powrotem do życia,"Перешагнув через них, кажется, дает вам контрольно-пропускной пункт, и приносит своих друзей вернуться к жизни","Pasando por encima de ellos parece darle un puesto de control, y trae a sus amigos de vuelta a la vida"
'CiC3',But are they the same friends?,但他们是同一个朋友吗？,Mais sont-ils les mêmes amis?,Aber sind sie die gleichen Freunde?,Ma sono gli stessi amici?,그러나 그들은 같은 친구?,Ale są one takie same przyjaciółmi?,Но они же друзья?,Pero son los mismos amigos?
'CiM1',"Ahh, I'd know that mossy brick tile up ahead from anywhere",啊，我知道前面某个地方有块小石砖,"Ahh, je sais que les carreaux de briques moussue en avance partout","Ahh, ich würde wissen, dass bemoosten Ziegelplatte weiter vorne von überall","Ahh, mi piacerebbe sapere che tegola muschio mattone fino a venire da qualsiasi luogo","아, 나는 어디에서 앞서 그 이끼 벽돌 타일을 아는 것","Ahh, ja wiem, że cegły omszały płytki się naprzód z dowolnego miejsca","Ааа, я знаю, что моховой кирпичную плитку впереди из любой точки мира","Ahh, sabría que el azulejo de musgo de ladrillo por delante de cualquier parte"
'CiM2',Brings me right back to my time in 'Nam,让我回到我在越南战争的时光吧,me ramène tout droit à mon temps au Vietnam,Bringt mich gleich wieder zu meiner Zeit in Vietnam,mi porta a destra di nuovo al mio tempo in Vietnam,베트남 내 시간에 바로 날 다시 가져온다,Sprowadza mnie z powrotem do mojego czasu w Wietnamie,Приносит меня обратно в свое время во Вьетнаме,me lleva de vuelta a mi tiempo en Vietnam
'CiM3',Touch it and your world will change,站上去，你的世界将会改变,Touchez et votre monde va changer,Berühren Sie sie und Ihre Welt wird sich ändern,Toccarlo e il tuo mondo cambierà,를 터치하고 세계가 변경됩니다,"Dotknij go, a świat się zmieni","Нажмите на него, и ваш мир изменится",Tocarlo y su mundo cambiará
'CiA1',Pull yourself together soldier!,振作起来，战士们！,Ressaisissez-vous soldat!,Reiß dich zusammen Soldaten!,Fatti coraggio soldato!,군인 함께 자신을 당겨!,Weź się w garść żołnierzu!,Соберись солдат!,Contrólate soldado!
'CiA2',You're a circle now!,你现在变圆了！,Vous êtes un cercle maintenant!,Sie sind ein Kreis jetzt!,Sei un cerchio ora!,이제 원이야!,Jesteś okrąg teraz!,Вы круг прямо сейчас!,Eres un círculo ahora!
'CiA3',"Show some dignity, and use your arrow keys to move",展现出尊严来，用你的方向键移动,"Montrez une certaine dignité, et utilisez les touches fléchées pour se déplacer","Zeigen Sie etwas Würde, und verwenden Sie die Pfeiltasten zu bewegen","Mostra un po 'di dignità, e utilizzare i tasti freccia per spostarsi","약간의 존엄성을 표시하고, 이동하려면 화살표 키를 사용","Okaż trochę godności i użyj strzałek, aby przenieść","Показать некоторые достоинства, а также использовать клавиши со стрелками для перемещения","Muestra un poco de dignidad, y utilizar las teclas de flecha para mover"
'CiJp',Press the up arrow key to jump!,按上方向键跳跃！,Appuyez sur la flèche pour sauter!,Drücken Sie die Pfeiltaste nach oben zu springen!,Premere il tasto freccia per saltare!,눌러 점프하는 화살표 키!,"Naciśnij klawisz strzałki w górę, aby przejść!","Нажмите клавишу со стрелкой вверх, чтобы прыгать!",Pulse la tecla de flecha arriba para saltar!
'CiJ1',"Jesus christ, no, not like that",天啊，不、不是这样的,"Jésus-Christ, non, pas comme ça","Jesus Christus, nein, nicht so","Gesù Cristo, no, non così","예수 그리스도, 아니, 같은 그","Jezus Chrystus, nie, nie tak","Иисус Христос, нет, не так","Jesucristo, no, no de esa"
'CiJ2',Press your up arrow to jump up!,按上方向键跳起来！,Appuyez sur votre flèche haut pour sauter!,Drücken Sie Ihren Pfeil nach oben aufspringen!,Premete il tuo freccia su per saltare!,를 눌러 위로 점프 화살표 당신!,"Przycisnąć strzałkę w górę, aby przejść w górę!","Жму стрелку вверх, чтобы прыгать вверх!",Presiona la flecha hacia arriba para saltar!
'CiJ3',"I swear, you're the reason I needed to add these tutorials",我发誓，我要写这些教程都是因为你,"Je te jure, tu es la raison pour laquelle je besoin d'ajouter ces tutoriels","Ich schwöre, sie ist der Grund, warum ich diese Tutorials hinzuzufügen benötigen","Giuro, tu sei la ragione per cui ho bisogno di aggiungere questi tutorial","난 당신이 내가이 튜토리얼을 추가하는 데 필요한 이유있어, 맹세","Przysięgam, jesteś powodem, że muszę dodać te tutoriale","Я клянусь, что ты причина, мне нужно, чтобы добавить эти учебники","Juro, eres la razón por la que tenía que añadir estos tutoriales"
'Cij1',"Now, hold that wall close,",现在，贴在墙上，,"Maintenant, maintenez que près du mur,","Nun hält die Wand zu schließen,","Ora, tenere quel muro vicino,",이제 그 벽 가까이 개최,"Teraz trzymać tak blisko ściany,","Теперь, считают, что стена близко,","Ahora, espera que la pared de cierre,"
'Cij2',Like it was your fiance who promised that you'd never be alone but died far too young in a horrible accident that was no ones fault but has still left you a soul-less husk,就像是你的未婚夫承诺过永远不会让你孤单但他却在一场没人对此有责任的可怕事故里早早死去而且最后还是给你留下了一个没有灵魂的躯壳一样,"Comme ce fut votre fiancé qui a promis que vous ne seriez jamais seul mais il est mort beaucoup trop jeune dans un accident horrible qui était pas les faute, mais n'a toujours vous laissé une enveloppe sans âme","Wie es war Ihr Verlobter, der versprach, dass Sie nie allein sein würde, aber starb viel zu früh in einem schrecklichen Unfall, der keine solche Fehler war, aber hat man noch eine seelenlose Schale links","Come è stato il tuo fidanzato che ha promesso che si sarebbe mai soli, ma morì troppo giovane in un incidente orribile che era colpa non quelli, ma è ancora hai lasciato un guscio senz'anima",당신이 혼자 않겠다고 약속하지만 사람이 잘못되지 않았다하지만 여전히 당신에게 영혼없는 껍질을 떠난 끔찍한 사고로 너무 젊은 죽은 약혼자처럼,"Jakby to był twój narzeczony, który obiecał, że nigdy nie będę sam, ale zmarł zbyt młody w strasznym wypadku, który nie był z nich przyczepić ale pozostało ci łuskę soul-less","Как это был ваш жених, который обещал, что вы никогда не будет в одиночку, но умер слишком молодым в ужасной аварии, которая была не те вина, но до сих пор оставил вам душу меньше шелухи","Como si fuera su prometido que prometió que nunca estaría sola, pero murió demasiado joven en un accidente horrible que fue culpa no queridos, pero aún tiene que dada una cáscara sin alma"
'Cij3',And then press your up key to do a wall-jump!,然后按上方向键做蹬墙跳！,Et puis appuyez sur votre touche jusqu'à faire un mur saut!,Und drücken Sie dann Ihre Taste nach oben eine Wand-Sprung zu tun!,E poi premi il tasto fino a fare un wall-jump!,그리고 벽 점프를 할 수있는 당신의 최대 키를 누르십시오!,A następnie naciśnij klucz do nadrobienia na ścianie skok!,"А затем нажмите ключ, чтобы сделать стену прыжок!","Y a continuación, pulse la tecla de arriba para hacer una pared salto!"
'CDHU',"Love hurts, son",爱情让人拥有快乐，也会带来折磨，孩子,"L'amour fait mal, fils","Love hurts, Sohn","L'amore fa male, figlio","사랑은, 아들이 아파요","Miłość boli, synu","Любовь болит, сын","El amor duele, hijo"
'I1P1',I ain't ever seen anything like it,这种场面我还真没见过,Je n'est pas jamais vu quelque chose comme ça,Ich bin nicht immer etwas Vergleichbares gesehen,Io non è mai visto niente di simile,나는 지금까지 이런 건 볼 수 없습니다,I nie jest nigdy nie widział czegoś podobnego,Я не видел ничего подобного,Yo no he visto nada igual
'I1M1',lost forever to the Oblivion,在永恒失落中走向遗忘,perdu pour toujours à Oblivion,für immer verloren zu Oblivion,perso per sempre alla Oblivion,망각에 영원히 손실,utracone na zawsze do Obliviona,потеряны навсегда в Oblivion,perdido para siempre al olvido
'I1M2',The runes... so pretty...,这些符文...好漂亮...,Les ... si jolie runes ...,Die Runen ... so schön ...,Le rune ... così bella ...,룬 문자 ... 너무 예쁜 ...,Runy ... tak bardzo ...,Руны ... так красиво ...,Las runas ... tan bonito ...
'I1P2',"I'll tell you what though,",尽管如此，我告诉你，,"Je vais vous dire ce que,","Ich werde Ihnen sagen, was aber,","Ti dirò che cosa, però,","나는, 비록 당신이 무엇을 말해주지","Powiem ci, co jednak","Я вам скажу, что, хотя,","Te diré lo que, sin embargo,"
'I1P3',Ain't ever using an organic pesticide again,别再掺金坷垃了,Est jamais utiliser à nouveau un pesticide biologique,Ist das nicht immer wieder unter Verwendung eines organischen Pestizid,Non è mai utilizzare nuovamente un pesticida biologico,다시 유기 농약을 사용하지 않는,Nie jest nigdy użyciem pestycydu organiczną,Является ли когда-либо не использует органический пестицид снова,No es siempre el uso de un pesticida orgánico de nuevo
'I1B1',"Hey Timmy, so I was over eatin' sunshine with Becky the other day, and, well,",嘿，提米，前几天我和贝基一起吃了很多蒲公英，然后，呃，,"Hey Timmy, donc je suis sur Eatin soleil avec Becky l'autre jour, et, bien,","Hey Timmy, so war ich über eatin Sonnenschein mit Becky den anderen Tag, und, na ja,","Hey Timmy, così mi è stato più di eatin' di sole con Becky, l'altro giorno, e, beh,","이봐, 티미, 그래서 나는이 이상 잘 베키와 '햇살에게 다른 일을 소 비용,되었다,","Hej Timmy, więc byłem na eatin' cu z Becky na drugi dzień, i dobrze,","Эй Тимми, так что я над ели солнце с Бекки на другой день, и, ну,","Hey Tim, así que estaba comiendo más de sol con Becky, el otro día, y, bueno,"
'I1B2',"I know we both like Becky, let's face it who w...",我知道我们都喜欢贝琪，但我们还是面对现实吧...,"Je sais que nous aimons tous les deux Becky, avouons-le, qui w ...","Ich weiß, dass wir beide wie Becky, seien wir ehrlich, die w ...","So che ci sia come Becky, diciamocelo che w ...","나는 베키처럼 우리 모두가,의 누가 승 그것을 직면하자 알고 ...","Wiem, że oboje jak Becky, nie oszukujmy się, kto w ...","Я знаю, что мы оба, как Бекки, давайте посмотрим правде в глаза, кто ж ...","Sé que tanto como Becky, seamos realistas que w ..."
'I1T1',"Bobby, pal",波比，好兄弟,"Bobby, mon pote","Bobby, Kumpel","Bobby, amico","바비, 친구","Bobby, pal","Бобби, дружище","Bobby, PAL"
'I1T2',"I'm going to have to cut you off right there,",我现在不得不打断一下你，,"Je vais devoir vous couper là,","Ich werde Sie genau dort haben, abzuschneiden,","Ho intenzione di avere a interromperla proprio lì,","나는, 바로 당신을 차단해야 할거야","Będę musiał wyciąć cię właśnie tam,","Я буду иметь, чтобы отрезать вас прямо там,","Voy a tener que cortar que allí mismo,"
'I1T3',Becky isn't *even* on my radar.,贝琪*甚至*没被我注意到,Becky n'est pas * même * sur mon radar.,Becky ist nicht * selbst * auf meinem Radar.,Becky non è nemmeno * * sul mio radar.,베키는 *도 * 내 레이더에 없습니다.,Becky nie jest jeszcze * * na moim radarze.,Бекки не * даже * на моем радаре.,Becky no es siquiera * * en mi radar.
'I1T4',"But, if you really wanted to impress her?",但是，如果你真的想给她留下深刻印象，,"Mais, si l'on voulait vraiment l'impressionner?","Aber, wenn Sie wirklich wollte, dass sie beeindrucken?","Ma, se si voleva davvero per impressionare il suo?","그러나, 당신은 정말 그녀의 인상을 원한다면?",Ale jeśli naprawdę chciał jej zaimponować?,"Но, если вы действительно хотите, чтобы произвести на нее впечатление?","Pero, si realmente quería impresionarla?"
'I1T5',You'd grab some of those flowers from up on Hagatha Hill,你可以从哈加塔山上摘些蒲公英给她,Vous attrapions quelques-unes de ces fleurs du haut de la colline Javotte,Sie würden einige dieser Blumen von oben auf Hagatha Hill greifen,Si potrebbe afferrare alcuni di quei fiori da su Hagatha Hill,당신은 Hagatha 힐부터 그 꽃의 일부를 잡아 것,Można by chwycić niektóre z tych kwiatów z up na Hagatha Hill,Вы бы захватить некоторые из этих цветов из вверх по Hagatha Hill,Se podría agarrar algunas de esas flores desde arriba en la colina Hagatha
'I1BE',"*Eats 3 dandelions at once, maintaining eye contact*",*一次吃3个蒲公英，保持眼神交流*,"* Mange 3 pissenlits à la fois, maintenir le contact visuel *","* Essen 3 Löwenzahn auf einmal, Blickkontakt *","* Pasti 3 denti di leone in una volta, mantenendo il contatto visivo *","한번에 먹 * 3 개 민들레, 눈을 유지 *","* 3 posiłki mlecze na raz, utrzymując kontakt wzrokowy *","* Ест 3 одуванчик сразу, поддерживая зрительный контакт *","* Comer 3 dientes de león a la vez, manteniendo el contacto visual *"
'I1b1',Wow...,哇...,Wow...,Beeindruckend...,Wow...,와...,Łał...,Вау...,Guau...
'I1b2',this,这,ce,Dies,Questo,이,to,это,esta
'I1b3',THIS,这！,CE,DIES,QUESTO,이,TO,ЭТО,ESTA
'I1b4',is a REALLY great cage!,真是个大笼子！,est une cage vraiment super!,ist ein wirklich großer Käfig!,è davvero un grande gabbia!,정말 좋은 케이지입니다!,Jest to naprawdę wielka klatka!,это действительно большая клетка!,Es realmente un gran jaula!
'I2T1',Uuhh,呃呃,uuhh,uuhh,Uuhh,Uuhh,Uuhh,Uuhh,uuhh
'I2T2',That's a yikes,太惊人了,C'est un yikes,Das ist eine Huch,Questo è un yikes,그건 이궁의,To Jezu,Это Хлоп,Eso es un uff
'I3F1',"Why, it's 'Little Timmy'!",为什么，这是“小提米”？！,"Pourquoi, il est 'Little Timmy'!","Warum, es ist 'Little Timmy'!","Perché, è 'Little Timmy'!","왜, 그것의 '리틀 티미'!",Dlaczego jest to „mały Timmy”!,Почему это «Маленький Тимми»!,"Por eso, es 'Little Timmy!"
'I3F2',"Now what seems to be the problem, my dear 'Little Timmy'?",现在问题应该是什么了，我亲爱的“小提米”？,"Maintenant, ce qui semble être le problème, ma chère petite Timmy?","Nun, was das Problem scheint, mein lieber ‚Little Timmy‘ zu sein?","Ora, quello che sembra essere il problema, caro 'Little Timmy'?","이제 어떻게 내 사랑 '리틀 티미', 문제가 될 것 같다?","Teraz to, co wydaje się być problem, moja droga „Mały Timmy”?","Теперь то, что, как представляется, проблема, моя дорогая ""Маленький Тимми?","Ahora lo que parece ser el problema, querida 'Little Timmy'?"
'I3T1',Problem??,问题？？,Problème??,Problem??,Problema??,문제??,Problem??,Проблема??,¿¿Problema??
'I3T2',PROBLEM?,问题？,PROBLÈME?,PROBLEM?,PROBLEMA?,문제?,PROBLEM?,ПРОБЛЕМА?,¿PROBLEMA?
'I3T3',We had a deal you jive ass snowball,我们说好了，你个大骗子雪球,Nous avons eu une affaire que vous jive cul boule de neige,Wir hatten einen Deal Sie jive ass Schneeball,Avevamo un accordo si jive ass palla di neve,우리는 거래를했다 당신 흔들 엉덩이 눈덩이,Mieliśmy umowę ty jive ass śnieżki,Мы имели дело вы джайв задницу снежный ком,Tenemos un trato que jive culo bola de nieve
'I3T4',"I get you out of the cage, you take care of my Bobby problem",我带你离开笼子，你把我的波比问题处理掉,"Je te sors de la cage, vous prenez soin de mon problème Bobby","Ich Sie von dem Käfig heraus, Sie kümmern sich um meinen Bobby Problem","Ottengo fuori dalla gabbia, si prende cura del mio problema Bobby","난 당신이 내 바비 문제를 돌봐, 케이지의 당신을 얻을","Ja cię wydostać z klatki, dbasz o mój problem Bobby","Я тебя из клетки, вы позаботитесь о моей проблеме Бобби","Llego a salir de la jaula, a cuidar de mi problema Bobby"
'I3T5',"Now Becky is fucking dead, and it's because of you",现在贝琪TM的死了，这都是因为你,"Maintenant, Becky est putain de mort, et il est à cause de vous","Jetzt Becky ist verdammt tot, und es ist wegen dir","Ora Becky è fottutamente morto, ed è grazie a te","이제 베키 죽은 빌어 먹을, 그리고 그것은 당신 때문에","Teraz Becky jest kurwa żyje, a to ze względu na was","Теперь Бекки трахают мертвы, и это из-за вас","Ahora Becky es jodidamente muerto, y es gracias a ti"
'I4R1',Uhhhhhhhhhhh,呃呃呃呃呃,uhh,uhh,uhh,어,Uhh,Гм,uhh
'I4R2',Question mark?,不稳定因素？,Point d'interrogation?,Fragezeichen?,Punto interrogativo?,물음표?,Znak zapytania?,Вопросительный знак?,¿Signo de interrogación?
'I4O1',Haven't seen a tear in space this bad in awhile,很久没看到这么严重的空间裂缝了,Je n'ai pas vu une larme dans l'espace ce mauvais temps en temps,Haben Sie nicht eine Träne im Raum so schlecht in eine Weile gesehen,Non hanno visto una lacrima nello spazio questo male in un po ',한동안 공간에서 눈물이 나쁜 보지 못했다,Nie widziałem łzą w przestrzeni tak źle w chwilę,Не видела слезу в пространстве это плоха в каком-то время,No he visto un desgarro en el espacio de este mal en cuando
'I4O2',It's like the level was cut right down the middle,就像是从正中间切开来的,Il est comme le niveau a été coupé par le milieu,Es ist wie das Niveau genau in der Mitte geschnitten wurde,E 'come se il livello è stato tagliato proprio in mezzo,레벨이 중간에서 내려 바로 절단 같아,To jak poziom wycięto aż środku,Это как уровень был вырезан прямо по центру,Es como el nivel fue cortada por la mitad
'I4O3',Only one thing that could do this,只有一个东西能做到这种事,Une seule chose qui pourrait faire,"Nur eine Sache, die dies tun könnte",Solo una cosa che potrebbe fare questo,이 작업을 수행 할 수있는 단 한 가지,"Tylko jedna rzecz, która może to zrobić","Только одна вещь, которая может сделать это",Sólo hay una cosa que podría hacer esto
'I4O4',Big.,大。,Gros.,Groß.,Grande.,큰.,Duży.,Большой.,Grande.
'I4O5',Ass.,屁股。,Cul.,Arsch.,Culo.,나귀.,Tyłek.,Жопа.,Culo.
'I4O6',Optimization problems,来优化一下问题,Les problèmes d'optimisation,Optimierungsprobleme,problemi di ottimizzazione,최적화 문제,problemy optymalizacyjne,проблемы оптимизации,problemas de optimización
'P2E1',Hmmm...,嗯...,Hmmm...,Hmmm...,Hmmm ...,흠 ...,Hmmm...,Хм...,Mmm...
'P2E2',My expert opinion?,至于我的专家意见？,Mon avis d'expert?,Mein Gutachten?,Il mio parere di esperti?,내 전문가의 의견?,Moja opinia biegłego?,Мое мнение эксперта?,Mi opinión de los expertos?
'P2E3',50% inconvenient.',你的“形式”不对,pratique '50% « .,'50% unbequem.‘,'50% scomodo '.,'50 %의 불편. ','50% niewygodne.,'50% неудобным.,'50% inconveniente '.
'P2O1',I hope you brought your floaties,我希望你带了一些能漂浮的东西,J'espère que vous avez apporté vos floaties,"Ich hoffe, dass Sie Ihre floaties gebracht",Spero che hai portato i tuoi floaties,나는 당신이 당신의 floaties을 가져 희망,"Mam nadzieję, że przyniósł swoje floaties","Я надеюсь, что вы принесли свои Floaties",Espero que hayas traído sus flotadores
'P2O2',Cuz,因为,Parce que,weil,Perché,때문에,Dlatego,Потому что,Porque
'P2O3',It's,这里是,C'est,Es ist,Suo,이것의,Jego,Это,Es
'P2O4',tHHEEE OCCEEAANNN,大海啊啊啊啊啊,L'OCÉAN,DER OZEAN,L'OCEANO,바다,OCEAN,ОКЕАН,EL OCÉANO
'P2O5',*rapid-fire airhorn noises*,*接二连三的喇叭声*,* Bruits de airhorn-feu rapide *,* Schnellfeuer airhorn Geräusche *,* Fuoco rapido airhorn rumori *,* 속사 airhorn 소음 *,* Airhorn odgłosy szybkiego ognia *,* Скоропалительные Airhorn шумы *,* Fuego rápido ruidos Airhorn *
'P3SN',*sniff*,*吸鼻子*,*renifler*,*schnüffeln*,*annusare*,*맡다*,*wąchać*,* Сопение *,*oler*
'CCT1',"Nice, you've enabled camera tracking!",太好了，你已经激活了镜头追踪！,"Nice, vous avez activé le suivi de la caméra!","Schön, dass Sie haben fähige Kamera-Tracking!","camera tracking Nizza, hai attivato!","니스, 당신이 설정 한 카메라 추적!","Ładne, masz włączone śledzenie aparat!","Nice, вы включили отслеживание камеры!","seguimiento de la cámara agradable, se ha habilitado!"
'CCT2',Turn tracking on and off by pressing the escape key,按ESC键切换开启和关闭追踪,Tourner le suivi sur et en appuyant sur la touche d'échappement,"Schalten Tracking ein- und ausschalten, indem Sie die Escape-Taste drücken",Attivare il monitoraggio e spegnimento premendo il tasto Esc,Esc 키를 눌러 켜거나 추적을 돌려,"Skręć śledzenia i wyłączać, naciskając klawisz Esc",Включите отслеживание и выключается нажатием на клавишу выхода,Girar el seguimiento de encendido y apagado pulsando la tecla de escape
'CCT3',Each mode has different advantages and disadvantages,每种模式都有不同的优点和缺点,Chaque mode a des avantages et des inconvénients,Jeder Modus hat unterschiedliche Vor- und Nachteile,Ogni modalità ha diversi vantaggi e svantaggi,각 모드는 서로 다른 장점과 단점이 있습니다,Każdy tryb ma różne zalety i wady,Каждый режим имеет свои преимущества и недостатки,Cada modo tiene diferentes ventajas y desventajas
'CCT4',Try getting good at both!,试着把两种模式都用好！,Essayez d'obtenir un bon à la fois!,Versuchen Sie gut auf beide bekommen!,Prova ad ottenere bravo a entrambi!,모두에서 좋은를 받고보십시오!,Spróbuj znaleźć dobry w obu!,Попробуйте получить хороший на обоих!,Trate de conseguir buenos en ambos!
'TYTR',Special thanks to {0} for translating Escape Dream World to {1}!,特别感谢{0}翻译了逃脱梦境世界{1}！,Un merci spécial à {0} pour traduire évasion Dream World {1}!,Besonderer Dank geht an {0} für die Übersetzung Flucht Dream World zu {1}!,Un ringraziamento speciale a {0} per la traduzione Fuga Dream World a {1}!,{1}에 탈출 꿈의 세계를 변환하는 {0}에 대한 특별 감사합니다!,Specjalne podziękowania dla {0} do tłumaczenia Ucieczka Dream World {1}!,Отдельное спасибо {0} для перевода побег мир мечты в {1}!,Un agradecimiento especial a {0} para la traducción de escape Mundo de los Sueños a {1}!
'TYGO',Translations powered by Google Translate. Check out the main page or discord to contribute additional translations!,OKN提供翻译。,Traductions générée par Google Translate. Consultez la page principale ou la discorde pour contribuer aux traductions supplémentaires!,"Übersetzungen powered by Google Translate. Schauen Sie sich die Hauptseite oder Zwietracht, um zusätzliche Übersetzungen beitragen!",Traduzioni powered by Google Translate. Controlla la pagina principale o discordia di contribuire traduzioni aggiuntive!,구글에 의해 구동 번역 번역. 메인 페이지 또는 추가 번역에 기여하는 불화를 확인하세요!,Tłumaczenia Powered by Google Translate. Sprawdź stronę główną lub niezgodę przyczynić się dodatkowe tłumaczenia!,Переводы питание от Google Translate. Проверьте главную страницу или диссонанс внести свой вклад дополнительных переводов!,Traducciones tecnología de Google Translate. Echa un vistazo a la página principal o la discordia contribuir traducciones adicionales!
'Cis1',Well look who decided to show up.,那么看看谁决定露面。,Regardez bien qui a décidé de se présenter.,"Nun sehen, die bis zu zeigen, entschieden.",Beh sguardo che ha deciso di presentarsi.,표시하기로 결정 잘 봐.,"Dobrze wyglądają, którzy zdecydowali się pokazać.","Ну посмотрите, кто решил показать.",mirada así que decidió aparecer.
'Cis2',Welcome to the Doors.,欢迎来到门。,Bienvenue aux portes.,Willkommen bei den Türen.,Benvenuti alle porte.,문에 오신 것을 환영합니다.,Zapraszamy do drzwi.,Добро пожаловать в дверь.,Bienvenido a las puertas.
'Cis3',"Here you can enter one of three worlds to run, skate or 2D-ify your way through.",在这里，你可以输入一个三个世界跑，滑冰或2D-IFY通过自己的方式。,"Ici vous pouvez entrer l'un des trois mondes à courir, patiner ou 2D-ifier votre chemin à travers.","Hier können Sie eine von drei Welten geben zu laufen, skaten oder 2D-ify Ihren Weg durch.","Qui è possibile inserire uno dei tre mondi di correre, pattinare o 2D-ify vostro senso attraverso.","여기, 스케이트 또는 2D-쓸어 통해 당신의 방법을 실행하는 데 1 ~ 3의 세계를 입력 할 수 있습니다.","Tutaj można wprowadzić jeden z trzech światów uruchomić, skate lub 2D IFY Twojej drodze.","Здесь вы можете ввести один из трех миров, чтобы бежать, кататься на коньках или 2D-римента свой путь через.","Aquí puede introducir uno de los tres mundos de correr, patinar o 2D-ify su camino a través."
'Cis4',"Win or lose, you'll end up back here either way.",赢或输，你最终会回到这里，无论哪种方式。,"Gagniez ou perdiez, vous finirez par revenir ici de toute façon.","Gewinnen oder verlieren, werden Sie wieder nach oben hier so oder so beenden.","Vincere o perdere, finirete di nuovo qui in entrambi i casi.","이기 든 지든, 당신은 다시 여기에 어느 쪽이든을하게 될 겁니다.","Wygrasz czy przegrasz, będziesz skończyć z powrotem tutaj w obu kierunkach.","Победа или поражение, вы в конечном итоге вернуться сюда в любом случае.","Gane o pierda, usted va a terminar de nuevo aquí de cualquier manera."
'Cis5',"You'll need to be quick though,",你需要要快，虽然，,"Vous aurez besoin d'être rapide cependant,","Sie müssen schnell sein, obwohl,","Avrete bisogno di essere veloce, però,",당신은 빨리 생각해야합니다,"Musisz być szybki, choć,","Вы должны быть быстрыми, хотя,","Tendrá que ser rápido, aunque,"
'Cis6',You only have {0} minutes before the dream ends.,你只有梦想结束前{0}分钟。,Vous avez seulement {0} minutes avant la fin du rêve.,Sie haben nur {0} Minuten vor dem Traum endet.,Hai solo {0} minuti prima le estremità di sogno.,당신은 꿈이 종료되기 전에 {0} 분 있습니다.,Trzeba tylko {0} minutach przed końcach śnie.,У вас есть только {0} минут до окончания сна.,Sólo tiene {0} minutos antes de los extremos de sueño.
'Cis7',"One last thing,",最后一件事，,"Une dernière chose,","Eine letzte Sache,","Un'ultima cosa,","마지막 한가지,","Ostatnia rzecz,","Последняя вещь,","Una última cosa,"
'Cis8',"Every terrain in this dream has a different effect, but you'll need to explore yourself to uncover more.",在这个梦想的每个地形有不同的效果，但你需要去探索自己发现更多。,"Chaque terrain dans ce rêve a un effet différent, mais vous aurez besoin de vous explorer pour découvrir plus.","Jedes Terrain in diesem Traum hat eine andere Wirkung, aber Sie werden selbst erforschen müssen, um mehr zu entdecken.","Ogni terreno in questo sogno ha un effetto diverso, ma avrete bisogno di esplorare se stessi per scoprire di più.","이 꿈의 모든 지형 다른 효과를 가지고 있지만, 당신은 더 많은 밝히기 위해서 자신을 탐구해야합니다.","Każdy teren w tym śnie ma inny efekt, ale trzeba odkrywać siebie, aby odkryć więcej.","Каждая местность в этом сне имеет различный эффект, но вы должны будете исследовать себя, чтобы раскрыть больше.","Cada terreno en este sueño tiene un efecto diferente, pero tendrá que explorar usted mismo para descubrir más."
'Cis9',"Good luck, soldier.",祝你好运，战士。,"Bonne chance, soldat.","Viel Glück, Soldat.","Buona fortuna, soldato.","행운을 빌어 요, 군인입니다.","Powodzenia, żołnierzu.","Успехи, солдаты.","Buena suerte, soldado."
'CiB1',Now that's a bounce totem,现在这是一个反弹的图腾,"Maintenant, c'est un totem de rebond","Nun, das ist ein Bounce-Totem",Ora che è un totem di rimbalzo,이제이 반송 토템이다,Teraz jest to totem odrzuceń,Теперь это сильный удар тотем,Ahora que es un tótem de rebote
'CiB2',Jump on it and let's bounce,跳转就可以了，让我们反弹,Aller là-dessus et nous allons rebondir,Springen Sie auf es und lassen Sie uns Bounce,Saltate su di esso e andiamo rimbalzo,그것에 점프의 바운스를 보자,Skocz na niego i niech Bounce,"Перейти на него, и давайте отскок",Saltar sobre ella y dejar de rebote
'CiAr',Remember to use your arrow keys to move when you're in 2D form!,还记得你在2D形式是使用箭头键移动！,Rappelez-vous d'utiliser vos touches fléchées pour se déplacer lorsque vous êtes en forme 2D!,"Denken Sie daran, Ihre Pfeiltasten zu bewegen verwenden, wenn Sie in 2D Form sind!",Ricordatevi di usare i tasti freccia per muoversi quando si è in forma 2D!,당신은 2 차원 형태로있을 때 이동하려면 화살표 키를 사용하는 것을 잊지 마십시오!,"Pamiętaj, aby użyć klawiszy strzałek, aby przenieść, kiedy jesteś w formie 2D!","Не забывайте использовать клавиши со стрелками, чтобы двигаться, когда вы в 2D форме!",Recuerde que debe utilizar las teclas de flecha para mover cuando está en forma 2D!
'CJR1',Press your up arrow key to jump!,按您的向上箭头键跳跃！,Appuyez sur votre flèche pour sauter!,Drücken Sie mit Pfeiltaste nach oben zu springen!,Premi il tasto freccia per saltare!,점프 화살표 키 당신의 최대 누르십시오!,Przycisnąć klawisz strzałki w górę do skoku!,"Жму клавишу со стрелкой вверх, чтобы прыгать!",Presione su tecla de flecha arriba para saltar!
'CJR2',You can also wall jump by hugging a wall and pressing the up arrow key,你也跳墙由力求贴近墙面和向上箭头键键能,Vous pouvez également sauter de mur en restant près du mur et en appuyant sur la flèche haut,Sie können auch Wandsprung von nah an der Wand bleiben und die Pfeiltaste nach oben drücken,È inoltre possibile salto sul muro per stare vicino al muro e premendo il tasto freccia,당신은 가까운 벽에 머물고 위쪽 화살표 키를 눌러 또한 벽 이동할 수 있습니다,Można również skoku ściany pozostając blisko ściany i naciskając klawisz strzałki w górę,"Вы можете также стены прыжок, оставаясь близко к стене и нажав клавишу со стрелкой вверх",También puede saltar la pared al permanecer cerca de la pared y pulsando la tecla de flecha hacia arriba
'CiGr',"Now that's a gravity totem, wall jump into it and reverse gravity!",现在这是一个重力图腾，墙上跳了进去，并反向重力！,"Maintenant, c'est un totem de gravité, sauter de mur en elle et la gravité inverse!","Nun, das ist eine Schwerkraft toter, Wand springt hinein und umgekehrt Schwerkraft!","Ora che è un salto di gravità totem, muro in esso e la gravità inversa!","이제 그것과 반대로 중력에 중력 토템, 벽 점프입니다!","Teraz to skok totem grawitacja, ściana do niego i odwrotnej grawitacji!","Теперь это гравитация тотем, прыжок от стены в нее и обратную силу тяжести!","Ahora que es un salto de la gravedad tótem, la pared en ella y la gravedad inversa!"